param1,param2,param3,var1
13.250000,0.126364,0.777778,0.100000
27.800000,0.672727,0.888889,0.070000
