param1,param2,param3,var1
-0.121429,-0.239231,0.000000,0.980000
0.294286,0.223077,0.250000,0.712549
